id,category,title_or_collection,author_or_editor,translator,first_published,era,origin,original_language,style_genre,tone,typical_length_estimate,source_type,standard_ebooks_repo_verified,other_sources_to_check,us_pd_basis,author_death_year,life_plus_70_status_2026,content_notes,blind_mode_fit,test_priority,why_it_fits
1,Curated anthology / annual,The Best Short Stories of 1915–1919 (annual),Edward J. O'Brien (ed.),,1915–1919,Interwar (1915–1930),USA,English,Literary magazine fiction,"Varied, earnest",Short–medium,Annual anthology,,HathiTrust full view; Internet Archive (verify); some on Gutenberg,Published before 1931 → US PD,1941,Mixed — depends on each contributor,,High,A,One editor's yearly picks from all US magazines; includes his story ratings = free metadata
2,Curated anthology / annual,The Best Short Stories of 1920–1924 (annual),Edward J. O'Brien (ed.),,1920–1924,Interwar (1915–1930),USA,English,Literary magazine fiction,"Varied, post-war",Short–medium,Annual anthology,,HathiTrust full view; Internet Archive (verify); some on Gutenberg,Published before 1931 → US PD,1941,Mixed — depends on each contributor,,High,A,"Captures the shift to modernism year by year; natural ""same year"" door"
3,Curated anthology / annual,The Best Short Stories of 1925–1930 (annual),Edward J. O'Brien (ed.),,1925–1930,Interwar (1915–1930),USA,English,Literary / early modernist,"Sharper, more modern",Short–medium,Annual anthology,,HathiTrust full view; Internet Archive (verify),Published before 1931 → US PD (1930 volume PD since 2026),1941,Mixed — depends on each contributor,,High,A,Hemingway/Fitzgerald-era picks; 1930 volume just entered PD
4,Curated anthology / annual,The Best British Short Stories 1922–1930 (annual),Edward J. O'Brien (ed.),,1922–1930,Interwar (1915–1930),UK/Ireland,English,Literary magazine fiction,"Understated, wry",Short–medium,Annual anthology,,HathiTrust full view; Internet Archive (verify),Published before 1931 → US PD,1941,Mixed — depends on each contributor,,High,B,British counterpart to the US annual; same editor = comparable taste
5,Curated anthology / annual,O. Henry Memorial Award Prize Stories 1919–1930,"Society of Arts and Sciences (Blanche Colton Williams, ed.)",,1919–1930,Interwar (1915–1930),USA,English,Prize-winning magazine fiction,"Plot-forward, crowd-pleasing",Medium,Annual anthology,,HathiTrust full view; Internet Archive (verify); some on Gutenberg,Published before 1931 → US public domain,,Mixed — depends on each contributor,,High,A,A second jury with different taste from O'Brien — good A/B test
6,Curated anthology / annual,Stories by American Authors (10 vols),Charles Scribner's Sons,,1884–1885,Victorian (1850–1889),USA,English,Gilded Age magazine fiction,"Genteel, surprising",Medium,Anthology series,,Project Gutenberg; Wikisource (verify),Published before 1931 → US public domain,,Mixed — depends on each contributor,,High,B,"Pre-curated 19th-c. picks, mostly forgotten authors = perfect for blind reading"
7,Curated anthology / annual,"Stories by English Authors (10 vols, by region/theme)",Charles Scribner's Sons,,1896,Fin de siècle (1890–1914),UK,English,Victorian magazine fiction,Varied,Medium,Anthology series,,Project Gutenberg; Wikisource (verify),Published before 1931 → US public domain,,Mixed — depends on each contributor,,High,B,"Already grouped by theme (London, Ireland, the Sea…) = ready-made doors"
8,Curated anthology / annual,"Stories by Foreign Authors (10 vols, by country)",Charles Scribner's Sons,Various,1898,Fin de siècle (1890–1914),Europe,Various (translated),European realism in translation,Varied,Medium,Anthology series,,Project Gutenberg; Wikisource (verify),Published before 1931 → US public domain,,Mixed — depends on each contributor,,High,B,Pre-curated translated stories grouped by country
9,Curated anthology / annual,Great Short Stories of the World,Barrett H. Clark & Maxim Lieber (eds.),Various,1925,Interwar (1915–1930),Global,Various (translated),World fiction survey,Varied,Short–medium,Anthology,,HathiTrust full view; Internet Archive (verify),Published before 1931 → US public domain,,Mixed — depends on each contributor,,High,A,One volume spanning ancient Egypt to the 1920s across dozens of countries — instant variety
10,Curated anthology / annual,The Short Story: Specimens Illustrating Its Development,Brander Matthews (ed.),,1907,Fin de siècle (1890–1914),Global,English + translated,Historical survey,Classic,Medium,Teaching anthology,,Project Gutenberg; Wikisource (verify),Published before 1931 → US public domain,1929,Mixed — depends on each contributor,,Med,C,Ordered as an evolution of the form — a built-in chronological path
11,Curated anthology / annual,Short Story Classics (American / Foreign),William Patten (ed.),,1905,Fin de siècle (1890–1914),USA / Europe,English + translated,Classics,Classic,Medium,Anthology series,,HathiTrust full view; Internet Archive (verify),Published before 1931 → US public domain,,Mixed — depends on each contributor,,Med,C,Early-1900s canon as seen then
12,Curated anthology / annual,Modern Short Stories,Margaret Ashmun (ed.),,1914,Fin de siècle (1890–1914),USA/UK,English,Teaching anthology,Accessible,Short–medium,Anthology,,Project Gutenberg; Wikisource (verify),Published before 1931 → US public domain,1940,Mixed — depends on each contributor,,Med,C,Selected specifically as good single-sitting reads
13,Curated anthology / annual,The Library of the World's Best Mystery and Detective Stories (6 vols),Julian Hawthorne (ed.),,1907,Fin de siècle (1890–1914),Global,English + translated,"Mystery, detection",Suspenseful,Medium,Anthology series,,Project Gutenberg; Wikisource (verify),Published before 1931 → US public domain,1934,Mixed — depends on each contributor,,Med,B,Pre-curated genre survey by country
14,Curated anthology / annual,Masterpieces of Mystery (4 vols),Joseph Lewis French (ed.),,1920,Interwar (1915–1930),Global,English + translated,"Mystery, ghost, riddle stories",Eerie,Medium,Anthology series,,Project Gutenberg; Wikisource (verify),Published before 1931 → US public domain,1936,Mixed — depends on each contributor,,Med,B,Split into ghost / riddle / detective volumes
15,Curated anthology / annual,"The Omnibus of Crime (UK: Great Short Stories of Detection, Mystery and Horror)",Dorothy L. Sayers (ed.),,1928,Interwar (1915–1930),Global,English + translated,"Crime, horror",Dark,Medium,Anthology,,HathiTrust full view; Internet Archive (verify),Published before 1931 → US PD (check individual stories' first publication),1957,Mixed — depends on each contributor,,Med,B,A great crime writer's picks; her intro essay is its own read
16,Curated anthology / annual,Mark Twain's Library of Humor,Mark Twain et al. (eds.),,1888,Victorian (1850–1889),USA,English,Humor sketches,Funny,Flash–short,Anthology,,Project Gutenberg; Wikisource (verify),Published before 1931 → US public domain,1910,Mixed — depends on each contributor,,High,B,"19th-c. American humor, pre-curated"
17,Curated anthology / annual,The German Classics of the 19th and 20th Centuries (20 vols),Kuno Francke (ed.),Various,1913–1914,Fin de siècle (1890–1914),Germany/Austria,German (translated),"Novellas, tales",Romantic to realist,Medium–long,Anthology series,,Project Gutenberg; Wikisource (verify),Published before 1931 → US public domain,,Mixed — depends on each contributor,,Med,C,"Kleist, Storm, Keller novellas in translation"
18,Curated anthology / annual,Yiddish Tales,Helena Frank (trans./ed.),Helena Frank,1912,Fin de siècle (1890–1914),Eastern Europe,Yiddish (translated),Shtetl fiction,"Tender, ironic",Short,Anthology,,Project Gutenberg; Wikisource (verify),Published before 1931 → US public domain,1954,Mixed — depends on each contributor,,High,B,A whole tradition in one curated volume
19,Curated anthology / annual,The New Negro (fiction sections),Alain Locke (ed.),,1925,Interwar (1915–1930),USA,English,Harlem Renaissance,"Vivid, modern",Short–medium,Anthology,,HathiTrust full view; Internet Archive (verify),Published before 1931 → US public domain,,Mixed — depends on each contributor,,High,B,"Includes Toomer, Fisher, Hurston; landmark curation"
20,Magazine archive,The Golden Book Magazine (1925–1930 issues),Henry W. Lanier (ed.),,1925–1930,Interwar (1915–1930),USA,English + translated,Reprints of classic stories,Classic,Short–medium,Magazine of curated reprints,,HathiTrust full view; Internet Archive (verify),Published before 1931 → US public domain,,Mixed — depends on each contributor,,High,A,A 1920s magazine whose whole job was picking the best old stories — your exact model
21,Magazine archive,The Strand Magazine (pre-1931),George Newnes (publ.),,1891–1930,Fin de siècle (1890–1914),UK,English,"Popular fiction: Doyle, Wells, Wodehouse, Jacobs",Entertaining,Medium,Magazine,,Internet Archive (verify),Published before 1931 → US public domain,,Mixed — depends on each contributor,,Med,B,Where the popular short story was born; illustrated
22,Magazine archive,The Yellow Book (13 vols),Henry Harland (ed.),,1894–1897,Fin de siècle (1890–1914),UK,English,Decadent / aesthetic,"Languid, strange",Short,Quarterly,,Project Gutenberg; Wikisource (verify),Published before 1931 → US public domain,,Mixed — depends on each contributor,,High,B,Fin-de-siècle mood; unknown names reward blind mode
23,Magazine archive,Household Words,Charles Dickens (ed.),,1850–1859,Victorian (1850–1889),UK,English,Victorian weekly fiction,"Social, sentimental",Short,Weekly,,Dickens Journals Online; Internet Archive (verify),Published before 1931 → US public domain,,Mixed — depends on each contributor,,High,C,Many anonymous stories — blind mode by default
24,Magazine archive,The Smart Set (pre-1931),H.L. Mencken & G.J. Nathan (eds.),,1900–1930,Fin de siècle (1890–1914),USA,English,Sophisticated magazine fiction,"Witty, urban",Short,Magazine,,HathiTrust full view; Internet Archive (verify),Published before 1931 → US public domain,,Mixed — depends on each contributor,,High,C,Published early Fitzgerald; sharp editorial voice
25,Magazine archive,Weird Tales (1923–1930),J.C. Henneberger / Farnsworth Wright (eds.),,1923–1930,Interwar (1915–1930),USA,English,"Horror, weird, fantasy","Lurid, eerie",Short–medium,Pulp magazine,,Internet Archive (verify),Published before 1931 → US public domain,,Mixed — depends on each contributor,Pulp-era racism common,Med,B,"Lovecraft, Howard, Clark Ashton Smith in their original context"
26,Magazine archive,Black Mask (1920–1930),Joseph Shaw et al. (eds.),,1920–1930,Interwar (1915–1930),USA,English,Hardboiled crime,"Tough, fast",Short–medium,Pulp magazine,,Internet Archive (verify),Published before 1931 → US public domain,,Mixed — depends on each contributor,Period violence and slurs,Med,C,Birthplace of hardboiled; pairs with Hammett
27,Magazine archive,Amazing Stories (1926–1930),Hugo Gernsback (ed.),,1926–1930,Interwar (1915–1930),USA,English,Early science fiction,"Gee-whiz, naive",Medium,Pulp magazine,,Internet Archive (verify),Published before 1931 → US public domain,,Mixed — depends on each contributor,,Med,C,The first SF magazine; charmingly dated futures
28,Magazine archive,Argosy / All-Story (pre-1931),Frank A. Munsey Co.,,1896–1930,Fin de siècle (1890–1914),USA,English,"Adventure, romance, fantasy",Pulpy,Medium–long,Pulp magazine,,Internet Archive (verify),Published before 1931 → US public domain,,Mixed — depends on each contributor,Period racism common,Med,C,Huge volume of adventure stories
29,Magazine archive,The Crisis (1910–1930 fiction),W.E.B. Du Bois (ed.),,1910–1930,Fin de siècle (1890–1914),USA,English,Black American fiction,"Urgent, lyrical",Short,NAACP magazine,,Google Books; HathiTrust (verify),Published before 1931 → US public domain,,Mixed — depends on each contributor,,High,C,Early Harlem Renaissance fiction under Jessie Fauset's literary editing
30,Magazine archive,Fire!! (single issue),Wallace Thurman et al.,,1926,Interwar (1915–1930),USA,English,Harlem Renaissance avant-garde,Bold,Short,Little magazine,,Internet Archive (verify),Published before 1931 → US public domain,,Mixed — depends on each contributor,,High,C,"Contains Hurston's ""Sweat""; tiny, iconic"
31,Magazine archive,Harper's / Scribner's / Century / Atlantic (pre-1931),Various,,1850–1930,Victorian (1850–1889),USA,English,Literary magazine fiction,Varied,Short–medium,Magazine archives,,HathiTrust full view; Internet Archive (verify),Published before 1931 → US public domain,,Mixed — depends on each contributor,,High,C,Deep pool once you want volume; needs your own filtering
32,Aggregator / platform,Standard Ebooks — short fiction collections,Standard Ebooks (volunteers),,Various,Pre-1800,Global,English + translated,All,Varied,Varied,Clean CC0 ebook library,,standardebooks.org; bulk EPUBs via GitHub,Every release is vetted as US PD; their production files are CC0,,Per book,,—,A,"Cleanest, typo-fixed, semantically tagged EPUBs; reuses your EPUB ingestion code"
33,Aggregator / platform,Project Gutenberg — Short Stories bookshelf,Project Gutenberg,,Various,Pre-1800,Global,English + translated,All,Varied,Varied,Ebook library,,gutenberg.org,US PD per item (check each),,Per book,,—,A,Largest pool; messier text than Standard Ebooks
34,Aggregator / platform,"Project Gutenberg — lapsed-copyright pulp SF (Galaxy, IF, Astounding, 1950s–60s)",Various,,1950s–1960s,"Mid-century, lapsed copyright (1931–1965)",USA,English,Golden-age science fiction,"Clever, idea-driven",Short–medium,Ebook library,,"gutenberg.org (search ""science fiction"" bookshelf)",US PD via non-renewal (Gutenberg-cleared),,Mixed — most authors died after 1955,,High,A,Hundreds of tight idea-stories at exactly 7–12 min
35,Aggregator / platform,Wikisource — short stories portal,Wikisource,,Various,Pre-1800,Global,English + translated,All,Varied,Varied,Transcribed texts,,en.wikisource.org,US PD per item,,Per item,,—,B,Has magazine-original versions and standalone stories
36,Aggregator / platform,LibriVox — Short Story Collections (numbered volumes),LibriVox volunteers,,Various,Pre-1800,Global,English,All,Varied,Short–medium,Public-domain audio,,librivox.org,Recordings dedicated to public domain,,Per item,,Med,B,Ready-made audio for a listen mode; each volume is already a curated mix
37,Aggregator / platform,Internet Archive — pulp magazine scans,Internet Archive,,1900–1950s,Fin de siècle (1890–1914),USA,English,Pulp genres,Pulpy,Varied,Scan archive,,archive.org,Pre-1931 PD; later issues need renewal checks,,Per item,,Med,C,Raw volume; needs OCR cleanup
38,Aggregator / platform,Haldeman-Julius Little Blue Books (story titles),E. Haldeman-Julius (publ.),,1919–1930,Interwar (1915–1930),USA,English + translated,Pocket classics,Varied,Short,Pamphlet series,,Internet Archive; HathiTrust (verify),Published before 1931 → US public domain,,Mixed — check each author,,Med,C,A 1920s attempt at bite-sized reading for everyone — thematically close to your app
39,American,Short fiction (Tales),Edgar Allan Poe,,1832–1849,Romantic (1800–1849),USA,English,"Gothic, detective, horror","Dark, feverish",Short–medium,Collection,https://github.com/standardebooks/edgar-allan-poe_short-fiction,,Published before 1931 → US public domain,1849,Yes,,Low,A,Canonical 10-minute terror; very recognizable voice
40,American,Twice-Told Tales / Mosses from an Old Manse,Nathaniel Hawthorne,,1837–1846,Romantic (1800–1849),USA,English,"Allegory, Puritan gothic","Moral, uncanny",Medium,Collection,,Project Gutenberg; Wikisource (verify),Published before 1931 → US public domain,1864,Yes,,Med,B,Allegorical stories with strong endings
41,American,The Sketch Book of Geoffrey Crayon,Washington Irving,,1820,Romantic (1800–1849),USA,English,"Sketches, legends","Gentle, whimsical",Medium–long,Collection,https://github.com/standardebooks/washington-irving_the-sketch-book-of-geoffrey-crayon-gent,,Published before 1931 → US public domain,1859,Yes,,Med,B,"Rip Van Winkle, Sleepy Hollow + travel sketches"
42,American,"Short fiction (Piazza Tales, Bartleby…)",Herman Melville,,1853–1856,Victorian (1850–1889),USA,English,"Philosophical, strange",Enigmatic,Medium–long,Collection,https://github.com/standardebooks/herman-melville_short-fiction,,Published before 1931 → US public domain,1891,Yes,,Med,B,Bartleby is one of the great single-sitting reads
43,American,Short fiction,O. Henry,,1904–1911,Fin de siècle (1890–1914),USA,English,"Twist endings, city life","Warm, ironic",Short,Collection,https://github.com/standardebooks/o-henry_short-fiction,,Published before 1931 → US public domain,1910,Yes,Twists get predictable in bulk,Med,A,"Consistent length, huge volume, satisfying endings"
44,American,The Luck of Roaring Camp and Other Sketches,Bret Harte,,1870,Victorian (1850–1889),USA,English,"Western, gold rush",Sentimental,Short,Collection,,Project Gutenberg; Wikisource (verify),Published before 1931 → US public domain,1902,Yes,Period depictions of Chinese and Native Americans,Med,C,Invented the Western short story
45,American,In the Midst of Life (Tales of Soldiers and Civilians),Ambrose Bierce,,1891,Fin de siècle (1890–1914),USA,English,"War, horror","Bitter, precise",Short,Collection,https://github.com/standardebooks/ambrose-bierce_in-the-midst-of-life,,Published before 1931 → US public domain,1914,Yes,,Med,A,"Owl Creek Bridge — ending built for the ""pause"" mechanic"
46,American,Can Such Things Be?,Ambrose Bierce,,1893,Fin de siècle (1890–1914),USA,English,Supernatural,"Cold, eerie",Short,Collection,https://github.com/standardebooks/ambrose-bierce_can-such-things-be,,Published before 1931 → US public domain,1914,Yes,,Med,B,Compact ghost stories
47,American,The Country of the Pointed Firs,Sarah Orne Jewett,,1896,Fin de siècle (1890–1914),USA,English,"Regional, linked sketches","Quiet, luminous",Short,Linked collection,https://github.com/standardebooks/sarah-orne-jewett_the-country-of-the-pointed-firs,,Published before 1931 → US public domain,1909,Yes,,High,B,"Poetic, still; each chapter works alone"
48,American,A New England Nun and Other Stories,Mary E. Wilkins Freeman,,1891,Fin de siècle (1890–1914),USA,English,Regional realism,Restrained,Short,Collection,,Project Gutenberg; Wikisource (verify),Published before 1931 → US public domain,1930,Yes,,High,B,"Quiet, sharp portraits of women's lives"
49,American,"Short fiction (Bayou Folk, A Night in Acadie)",Kate Chopin,,1894–1897,Fin de siècle (1890–1914),USA,English,Louisiana realism,"Sensual, ironic",Flash–short,Collection,https://github.com/standardebooks/kate-chopin_short-fiction,,Published before 1931 → US public domain,1904,Yes,Period racial depictions,High,A,"""The Story of an Hour"" is a perfect short daily read"
50,American,The Conjure Woman,Charles W. Chesnutt,,1899,Fin de siècle (1890–1914),USA,English,"Folk tales, satire",Sly,Short–medium,Collection,https://github.com/standardebooks/charles-w-chesnutt_the-conjure-woman,,Published before 1931 → US public domain,1932,Yes,Heavy dialect; slavery themes,Med,B,Subversive frame tales
51,American,The Wife of His Youth and Other Stories,Charles W. Chesnutt,,1899,Fin de siècle (1890–1914),USA,English,Color line realism,Sharp,Medium,Collection,,Project Gutenberg; Wikisource (verify),Published before 1931 → US public domain,1932,Yes,,High,B,Moral dilemmas with strong endings
52,American,Folks from Dixie,Paul Laurence Dunbar,,1898,Fin de siècle (1890–1914),USA,English,Southern life,Warm,Short,Collection,,Project Gutenberg; Wikisource (verify),Published before 1931 → US public domain,1906,Yes,Dialect,Med,C,Poet's prose
53,American,American Indian Stories,Zitkála-Šá,,1921,Interwar (1915–1930),USA (Yankton Dakota),English,Memoir-tales,"Lyrical, defiant",Short,Collection,https://github.com/standardebooks/zitkala-sa_american-indian-stories,,Published before 1931 → US public domain,1938,Yes,,High,B,Poetic autobiographical stories
54,American,Old Indian Legends,Zitkála-Šá,,1901,Fin de siècle (1890–1914),USA (Dakota),English,Retold legends,Mythic,Short,Collection,,Project Gutenberg; Wikisource (verify),Published before 1931 → US public domain,1938,Yes,,High,C,Iktomi trickster tales
55,American,Mrs. Spring Fragrance,Sui Sin Far (Edith Maude Eaton),,1912,Fin de siècle (1890–1914),USA/Canada,English,Chinese-American life,"Witty, tender",Short,Collection,,Project Gutenberg; Wikisource (verify),Published before 1931 → US public domain,1914,Yes,,High,B,"Early Asian-American fiction, very readable"
56,American,The Yellow Wallpaper and other stories,Charlotte Perkins Gilman,,1892–1916,Fin de siècle (1890–1914),USA,English,"Psychological, feminist",Unsettling,Medium,Stories,,Project Gutenberg; Wikisource (verify),Published before 1931 → US public domain,1935,Yes,,Med,A,One of the most gripping 20-minute reads in English
57,American,Tales of Men and Ghosts / Xingu,Edith Wharton,,1910–1916,Fin de siècle (1890–1914),USA,English,"Ghost stories, social satire","Elegant, cold",Medium,Collection,,Project Gutenberg; Wikisource (verify),Published before 1931 → US public domain,1937,Yes,,High,B,"Precise prose, great endings"
58,American,Short stories (various collections),Henry James,,1870s–1910,Victorian (1850–1889),USA/UK,English,Psychological,Subtle,Medium–long,Collections,,Project Gutenberg; Wikisource (verify),Published before 1931 → US public domain,1916,Yes,Often exceeds 12 min,High,C,"The Real Thing, The Beast in the Jungle"
59,American,Short fiction,Jack London,,1899–1916,Fin de siècle (1890–1914),USA,English,"Adventure, Klondike, sea","Brutal, vivid",Short–medium,Collection,https://github.com/standardebooks/jack-london_short-fiction,,Published before 1931 → US public domain,1916,Yes,Period racism in some stories,Med,A,"""To Build a Fire"" — strong, simple narratives"
60,American,The Open Boat and Other Tales,Stephen Crane,,1898,Fin de siècle (1890–1914),USA,English,Naturalism,Stark,Medium,Collection,,Project Gutenberg; Wikisource (verify),Published before 1931 → US public domain,1900,Yes,,Med,B,Tense survival stories
61,American,The Troll Garden / Youth and the Bright Medusa,Willa Cather,,1905 / 1920,Fin de siècle (1890–1914),USA,English,Art and artists,Lyrical,Medium,Collection,,Project Gutenberg; Wikisource (verify),Published before 1931 → US public domain,1947,Yes,,High,B,"""Paul's Case""; poetic prose"
62,American,"Winesburg, Ohio",Sherwood Anderson,,1919,Interwar (1915–1930),USA,English,"Small-town grotesques, linked",Melancholy,Short,Linked collection,https://github.com/standardebooks/sherwood-anderson_winesburg-ohio,,Published before 1931 → US public domain,1941,Yes,,High,A,Each story ~10 min and works alone; linked doors built in
63,American,Short fiction,Ring Lardner,,1914–1930,Fin de siècle (1890–1914),USA,English,"Vernacular satire, sports",Deadpan,Short,Collection,https://github.com/standardebooks/ring-lardner_short-fiction | https://github.com/standardebooks/ring-lardner_jack-keefe-stories,,Published before 1931 → US public domain,1933,Yes,,Med,B,"""Haircut"" is a perfect unreliable-narrator piece"
64,American,"Short fiction (Flappers and Philosophers, Tales of the Jazz Age, All the Sad Young Men)",F. Scott Fitzgerald,,1920–1926,Interwar (1915–1930),USA,English,Jazz Age,"Glittering, sad",Medium,Collection,https://github.com/standardebooks/f-scott-fitzgerald_short-fiction,,Published before 1931 → US public domain,1940,Yes,,Med,A,Famous name = satisfying blind-mode reveal
65,American,"Short fiction (In Our Time, Men Without Women)",Ernest Hemingway,,1925–1927,Interwar (1915–1930),USA,English,Minimalist,Terse,Flash–short,Collection,https://github.com/standardebooks/ernest-hemingway_short-fiction,,Published before 1931 → US public domain,1961,No — clears Jan 1 2032,,Low,A,"Very short, very recognizable style"
66,American,Cane,Jean Toomer,,1923,Interwar (1915–1930),USA,English,"Modernist, prose-poetry hybrid",Lyrical,Flash–short,Hybrid collection,https://github.com/standardebooks/jean-toomer_cane,,Published before 1931 → US public domain,1967,No — clears Jan 1 2038,,High,B,Poetry and stories braided — bridges your poetry idea
67,American,Short fiction,Nella Larsen,,1920s,Interwar (1915–1930),USA,English,Harlem Renaissance,Ironic,Short,Collection,https://github.com/standardebooks/nella-larsen_short-fiction,,Published before 1931 → US public domain,1964,No — clears Jan 1 2035,,High,C,Small but distinctive
68,American,"""Sweat"" and ""Spunk""",Zora Neale Hurston,,1925–1926,Interwar (1915–1930),USA,English,Folk realism,"Earthy, fierce",Short,Individual stories,,Fire!! / Opportunity scans (verify),Published before 1931 → US public domain,1960,No — clears Jan 1 2031,Dialect; domestic violence,High,C,Two masterpieces from magazine originals
69,American,"""The City of Refuge"" and other stories",Rudolph Fisher,,1925–1930,Interwar (1915–1930),USA,English,Harlem life,"Comic, sharp",Medium,Individual stories,,Atlantic 1925 scans (verify),Published before 1931 → US public domain,1934,Yes,,High,C,Harlem Renaissance humor
70,American,Tropic Death,Eric Walrond,,1926,Interwar (1915–1930),Caribbean / USA,English,Caribbean modernism,"Dense, vivid",Medium,Collection,,HathiTrust full view; Internet Archive (verify),Published before 1931 → US public domain,1966,No — clears Jan 1 2037,Dense dialect and violence,High,C,Rare Caribbean voice of the 1920s
71,American,Short fiction (the pre-1931 stories),H.P. Lovecraft,,1917–1930,Interwar (1915–1930),USA,English,Cosmic horror,Dread,Medium,Collection,https://github.com/standardebooks/h-p-lovecraft_short-fiction,,Published before 1931 → US public domain,1937,Yes,Overt racism in several stories,Low,B,Hugely popular genre; needs an exclude list
72,American,Short fiction,Robert E. Howard,,1925–1936,Interwar (1915–1930),USA,English,Sword & sorcery,"Pulpy, energetic",Medium,Collection,https://github.com/standardebooks/robert-e-howard_short-fiction | https://github.com/standardebooks/robert-e-howard_conan-stories,,US PD via non-renewal — only use items Standard Ebooks/Gutenberg have cleared,1936,Yes,Period racism,Med,C,Pure momentum
73,American,Short fiction,Clark Ashton Smith,,1920s–1930s,Interwar (1915–1930),USA,English,Decadent fantasy,"Ornate, doomed",Short,Collection,https://github.com/standardebooks/clark-ashton-smith_short-fiction,,Published before 1931 → US public domain,1961,No — clears Jan 1 2032,,High,B,Prose-poetry in genre clothing
74,American,The King in Yellow,Robert W. Chambers,,1895,Fin de siècle (1890–1914),USA,English,Weird fiction,Hallucinatory,Medium,Collection,https://github.com/standardebooks/robert-w-chambers_the-king-in-yellow,,Published before 1931 → US public domain,1933,Yes,,High,B,Linked weird tales; cult status
75,American,"""The Lady, or the Tiger?"" and other stories",Frank R. Stockton,,1882,Victorian (1850–1889),USA,English,"Whimsy, puzzles",Playful,Short,Collection,,Project Gutenberg; Wikisource (verify),Published before 1931 → US public domain,1902,Yes,,High,B,A story that ends on a question — crossword energy
76,American,"""The Diamond Lens"" and other stories",Fitz-James O'Brien,,1858–1862,Victorian (1850–1889),USA,English,"Proto-SF, fantastic",Strange,Medium,Collection,,Project Gutenberg; Wikisource (verify),Published before 1931 → US public domain,1862,Yes,,High,C,Forgotten proto-SF
77,American,Continental Op stories,Dashiell Hammett,,1923–1930,Interwar (1915–1930),USA,English,Hardboiled detective,Tough,Medium,Collection,https://github.com/standardebooks/dashiell-hammett_continental-op-stories,,Published before 1931 → US public domain,1961,No — clears Jan 1 2032,Violence; period slurs,Med,B,Mystery with a clear solve
78,American,"""A Jury of Her Peers""",Susan Glaspell,,1917,Interwar (1915–1930),USA,English,Feminist mystery,Tense,Medium,Single story,,Wikisource (verify),Published before 1931 → US public domain,1948,Yes,,High,B,A mystery the reader solves before the men do
79,American,Hungry Hearts,Anzia Yezierska,,1920,Interwar (1915–1930),USA,English,Immigrant life,Passionate,Short,Collection,,Project Gutenberg; Wikisource (verify),Published before 1931 → US public domain,1970,No — clears Jan 1 2041,,High,C,Lower East Side voices
80,American,The Imported Bridegroom and Other Stories,Abraham Cahan,,1898,Fin de siècle (1890–1914),USA,English,Immigrant realism,Wry,Medium,Collection,,Project Gutenberg; Wikisource (verify),Published before 1931 → US public domain,1951,Yes,,High,C,Jewish immigrant New York
81,American,Life in the Iron Mills,Rebecca Harding Davis,,1861,Victorian (1850–1889),USA,English,Industrial realism,"Grim, visionary",Long,Novella,,Project Gutenberg; Wikisource (verify),Published before 1931 → US public domain,1910,Yes,Runs long,High,C,Weekend-length pick
82,American,Main-Travelled Roads,Hamlin Garland,,1891,Fin de siècle (1890–1914),USA,English,Midwestern realism,"Hard, honest",Medium,Collection,,Project Gutenberg; Wikisource (verify),Published before 1931 → US public domain,1940,Yes,,High,C,Farm-life realism
83,American,Short fiction,Voltairine de Cleyre,,1890s–1910s,Fin de siècle (1890–1914),USA,English,Anarchist fiction,Fierce,Short,Collection,https://github.com/standardebooks/voltairine-de-cleyre_short-fiction,,Published before 1931 → US public domain,1912,Yes,,High,C,Oddity: political fiction by a poet
84,American,Short fiction,Edgar Saltus,,1880s–1910s,Victorian (1850–1889),USA,English,Decadent,Ornate,Short,Collection,https://github.com/standardebooks/edgar-saltus_short-fiction,,Published before 1931 → US public domain,1921,Yes,,High,C,American decadent — unusual flavor
85,American,Uncle Abner: Master of Mysteries,Melville Davisson Post,,1918,Interwar (1915–1930),USA,English,Frontier detective,"Moral, tense",Medium,Collection,,Project Gutenberg; Wikisource (verify),Published before 1931 → US public domain,1930,Yes,,High,B,Fair-play puzzles in 1800s Virginia
86,American,The Thinking Machine stories,Jacques Futrelle,,1905–1912,Fin de siècle (1890–1914),USA,English,Puzzle detective,Clever,Medium,Collection,,Project Gutenberg; Wikisource (verify),Published before 1931 → US public domain,1912,Yes,,High,B,"""The Problem of Cell 13"" — pure puzzle"
87,American,Craig Kennedy stories,Arthur B. Reeve,,1910s,Fin de siècle (1890–1914),USA,English,Scientific detective,Gadget-y,Medium,Collection,https://github.com/standardebooks/arthur-b-reeve_craig-kennedy-stories,,Published before 1931 → US public domain,1936,Yes,,Med,C,Early forensic detective
88,American,"""Pigs Is Pigs"" and humor pieces",Ellis Parker Butler,,1906,Fin de siècle (1890–1914),USA,English,Humor,Absurd,Short,Story,,Project Gutenberg; Wikisource (verify),Published before 1931 → US public domain,1937,Yes,,High,C,Bureaucratic comedy classic
89,American,Flowering Judas (orig. 1930 ed.),Katherine Anne Porter,,1930,Interwar (1915–1930),USA,English,Literary modernism,Intense,Medium,Collection,,HathiTrust (verify — newly PD in 2026),Published before 1931 → US public domain,1980,No — clears Jan 1 2051,,High,C,Just entered US PD; may not be digitized well yet
90,American,"""A Rose for Emily"" (Forum, April 1930)",William Faulkner,,1930,Interwar (1915–1930),USA,English,Southern gothic,Macabre,Short,Single story,,Forum magazine scans (verify — newly PD in 2026),Published before 1931 → US public domain,1962,No — clears Jan 1 2033,Racial slurs,Med,C,Newly PD classic with a famous final reveal
91,American,Laments for the Living,Dorothy Parker,,1930,Interwar (1915–1930),USA,English,Urban satire,"Acid, sad",Short,Collection,,HathiTrust (verify — newly PD in 2026),Published before 1931 → US public domain,1967,No — clears Jan 1 2038,,Med,C,"Newly PD; short, brutal, funny"
92,American,Three Lives,Gertrude Stein,,1909,Fin de siècle (1890–1914),USA,English,Experimental,"Repetitive, hypnotic",Long,Novellas,https://github.com/standardebooks/gertrude-stein_three-lives,,Published before 1931 → US public domain,1946,Yes,Period racial language; long,High,C,Stylistic outlier for variety
93,British / Irish / Commonwealth,"Sherlock Holmes story collections (Adventures, Memoirs, Return, His Last Bow, Case-Book)",Arthur Conan Doyle,,1892–1927,Fin de siècle (1890–1914),UK,English,Detective,Brisk,Medium,Collections,https://github.com/standardebooks/arthur-conan-doyle_the-adventures-of-sherlock-holmes | https://github.com/standardebooks/arthur-conan-doyle_the-memoirs-of-sherlock-holmes | https://github.com/standardebooks/arthur-conan-doyle_the-return-of-sherlock-holmes | https://github.com/standardebooks/arthur-conan-doyle_his-last-bow | https://github.com/standardebooks/arthur-conan-doyle_the-casebook-of-sherlock-holmes,,Published before 1931 → US public domain,1930,Yes,,Low,A,"56 stories, each a complete puzzle with a solve"
94,British / Irish / Commonwealth,Brigadier Gerard stories,Arthur Conan Doyle,,1896–1903,Fin de siècle (1890–1914),UK,English,Comic Napoleonic adventure,Swaggering,Medium,Collection,https://github.com/standardebooks/arthur-conan-doyle_brigadier-gerard-stories,,Published before 1931 → US public domain,1930,Yes,,High,C,Doyle nobody guesses
95,British / Irish / Commonwealth,Short fiction,H.G. Wells,,1894–1910s,Fin de siècle (1890–1914),UK,English,"Scientific romance, fantasy",Inventive,Short–medium,Collection,https://github.com/standardebooks/h-g-wells_short-fiction,,Published before 1931 → US public domain,1946,Yes,,Med,A,"""The Country of the Blind"", ""The Door in the Wall"""
96,British / Irish / Commonwealth,Just So Stories,Rudyard Kipling,,1902,Fin de siècle (1890–1914),UK/India,English,Fables,Playful,Short,Collection,https://github.com/standardebooks/rudyard-kipling_just-so-stories,,Published before 1931 → US public domain,1936,Yes,Some period racial language,Low,C,Read-aloud rhythm
97,British / Irish / Commonwealth,The Jungle Book,Rudyard Kipling,,1894,Fin de siècle (1890–1914),UK/India,English,Animal tales,Mythic,Medium,Collection,https://github.com/standardebooks/rudyard-kipling_the-jungle-book,,Published before 1931 → US public domain,1936,Yes,,Low,C,Self-contained stories despite fame
98,British / Irish / Commonwealth,Plain Tales from the Hills,Rudyard Kipling,,1888,Victorian (1850–1889),UK/India,English,Anglo-India,Cynical,Flash–short,Collection,,Project Gutenberg; Wikisource (verify),Published before 1931 → US public domain,1936,Yes,Imperialist framing,Med,C,"Very short, very tight"
99,British / Irish / Commonwealth,"Short fiction (Chronicles of Clovis, Beasts and Super-Beasts…)",Saki (H.H. Munro),,1904–1916,Fin de siècle (1890–1914),UK,English,"Satire, macabre wit",Wicked,Flash–short,Collection,https://github.com/standardebooks/saki_short-fiction,,Published before 1931 → US public domain,1916,Yes,Occasional period prejudice,Med,A,"""The Open Window"" — ideal length, killer endings"
100,British / Irish / Commonwealth,Lord Arthur Savile's Crime and Other Stories,Oscar Wilde,,1891,Fin de siècle (1890–1914),UK/Ireland,English,Comic gothic,Epigrammatic,Medium,Collection,https://github.com/standardebooks/oscar-wilde_lord-arthur-saviles-crime-and-other-stories,,Published before 1931 → US public domain,1900,Yes,,Low,B,"""The Canterville Ghost"""
101,British / Irish / Commonwealth,"Children's Stories (The Happy Prince, A House of Pomegranates)",Oscar Wilde,,1888–1891,Victorian (1850–1889),UK/Ireland,English,Literary fairy tales,"Beautiful, sad",Short,Collection,https://github.com/standardebooks/oscar-wilde_childrens-stories,,Published before 1931 → US public domain,1900,Yes,,Med,B,"Poetic, adult-grade fairy tales"
102,British / Irish / Commonwealth,Short fiction (Ghost Stories of an Antiquary…),M.R. James,,1904–1925,Fin de siècle (1890–1914),UK,English,Antiquarian ghost story,"Dry, creeping",Medium,Collection,https://github.com/standardebooks/m-r-james_short-fiction,,Published before 1931 → US public domain,1936,Yes,,Med,A,The gold standard of the ghost story
103,British / Irish / Commonwealth,Short fiction (In a Glass Darkly…),J. Sheridan Le Fanu,,1839–1872,Romantic (1800–1849),Ireland,English,Gothic,Brooding,Medium–long,Collection,https://github.com/standardebooks/j-sheridan-le-fanu_short-fiction,,Published before 1931 → US public domain,1873,Yes,,High,B,"""Carmilla"", ""Green Tea"""
104,British / Irish / Commonwealth,John Silence stories,Algernon Blackwood,,1908,Fin de siècle (1890–1914),UK,English,Occult detective,Atmospheric,Long,Collection,https://github.com/standardebooks/algernon-blackwood_john-silence-stories,,Published before 1931 → US public domain,1951,Yes,Runs long,High,C,Nature-horror mood
105,British / Irish / Commonwealth,Short fiction,Arthur Machen,,1890s–1920s,Fin de siècle (1890–1914),UK/Wales,English,"Weird, mystical",Hallucinatory,Medium,Collection,https://github.com/standardebooks/arthur-machen_short-fiction,,Published before 1931 → US public domain,1947,Yes,,High,B,"""The White People""; poetic dread"
106,British / Irish / Commonwealth,Ghost stories,E.F. Benson,,1912–1930s,Fin de siècle (1890–1914),UK,English,Ghost stories,Cosy-creepy,Short–medium,Collection,https://github.com/standardebooks/e-f-benson_ghost-stories,,Published before 1931 → US public domain,1940,Yes,,High,B,Consistent length and quality
107,British / Irish / Commonwealth,The Lady of the Barge,W.W. Jacobs,,1902,Fin de siècle (1890–1914),UK,English,"Macabre, comic",Twisty,Short,Collection,https://github.com/standardebooks/w-w-jacobs_the-lady-of-the-barge,,Published before 1931 → US public domain,1943,Yes,,Med,A,"""The Monkey's Paw"" — perfect pause mechanic"
108,British / Irish / Commonwealth,The Innocence of Father Brown,G.K. Chesterton,,1911,Fin de siècle (1890–1914),UK,English,Paradox detective,"Playful, profound",Medium,Collection,https://github.com/standardebooks/g-k-chesterton_the-innocence-of-father-brown,,Published before 1931 → US public domain,1936,Yes,,Med,A,Each story a paradox with a reveal
109,British / Irish / Commonwealth,"Short fiction (Jeeves, Mulliner, Ukridge, golf, school stories)",P.G. Wodehouse,,1910s–1930,Fin de siècle (1890–1914),UK,English,Comic,"Sunny, absurd",Medium,Collections,https://github.com/standardebooks/p-g-wodehouse_short-fiction | https://github.com/standardebooks/p-g-wodehouse_jeeves-stories | https://github.com/standardebooks/p-g-wodehouse_mr-mulliner-stories | https://github.com/standardebooks/p-g-wodehouse_ukridge-stories | https://github.com/standardebooks/p-g-wodehouse_golf-stories,,Published before 1931 → US public domain,1975,No — clears Jan 1 2046,,Low,A,Pure joy; huge volume
110,British / Irish / Commonwealth,Fifty-One Tales,Lord Dunsany,,1915,Interwar (1915–1930),Ireland,English,Fantastic parables,Mythic,Flash,Collection,https://github.com/standardebooks/lord-dunsany_fifty-one-tales,,Published before 1931 → US public domain,1957,No — clears Jan 1 2028,,High,B,"Flash fiction — a ""short day"" option"
111,British / Irish / Commonwealth,The Book of Wonder / The Gods of Pegana,Lord Dunsany,,1905–1912,Fin de siècle (1890–1914),Ireland,English,Invented mythology,"Ornate, dreamy",Short,Collection,https://github.com/standardebooks/lord-dunsany_the-book-of-wonder_sidney-h-sime | https://github.com/standardebooks/lord-dunsany_the-gods-of-pegana,,Published before 1931 → US public domain,1957,No — clears Jan 1 2028,,High,B,Poetic fantasy; closest to your poetry vein
112,British / Irish / Commonwealth,The Garden Party / Bliss / The Dove's Nest,Katherine Mansfield,,1920–1923,Interwar (1915–1930),New Zealand/UK,English,Modernist,"Luminous, sharp",Short,Collections,,Project Gutenberg; Wikisource (verify),Published before 1931 → US public domain,1923,Yes,,High,A,Arguably the best 10-minute stories in English
113,British / Irish / Commonwealth,Dubliners,James Joyce,,1914,Fin de siècle (1890–1914),Ireland,English,Modernist realism,Quiet epiphanies,Short–medium,Linked collection,https://github.com/standardebooks/james-joyce_dubliners,,Published before 1931 → US public domain,1941,Yes,,Med,A,Each story ends on an epiphany — a natural finish line
114,British / Irish / Commonwealth,Monday or Tuesday,Virginia Woolf,,1921,Interwar (1915–1930),UK,English,Experimental sketches,Impressionistic,Flash–short,Collection,,Project Gutenberg; Wikisource (verify),Published before 1931 → US public domain,1941,Yes,,Med,B,"""Kew Gardens""; closest to poetry in prose"
115,British / Irish / Commonwealth,"The Prussian Officer / England, My England",D.H. Lawrence,,1914 / 1922,Fin de siècle (1890–1914),UK,English,Psychological realism,Intense,Medium,Collections,,Project Gutenberg; Wikisource (verify),Published before 1931 → US public domain,1930,Yes,,Med,B,"Strong, sensory stories"
116,British / Irish / Commonwealth,Tales of Unrest / Typhoon and other stories,Joseph Conrad,,1898 / 1903,Fin de siècle (1890–1914),UK/Poland,English,"Sea, colonial",Brooding,Medium–long,Collections,,Project Gutenberg; Wikisource (verify),Published before 1931 → US public domain,1924,Yes,Colonial racism,Med,C,Sea stories; some run long
117,British / Irish / Commonwealth,Short fiction (Wessex Tales…),Thomas Hardy,,1888–1913,Victorian (1850–1889),UK,English,Rural tragedy,Fatalistic,Medium,Collection,https://github.com/standardebooks/thomas-hardy_short-fiction,,Published before 1931 → US public domain,1928,Yes,,High,B,Folk-ballad stories in prose
118,British / Irish / Commonwealth,New Arabian Nights / The Merry Men,Robert Louis Stevenson,,1882 / 1887,Victorian (1850–1889),UK/Scotland,English,"Adventure, uncanny",Playful to dark,Medium,Collections,,Project Gutenberg; Wikisource (verify),Published before 1931 → US public domain,1894,Yes,,Med,B,"""Markheim"", ""Olalla"""
119,British / Irish / Commonwealth,Cranford,Elizabeth Gaskell,,1853,Victorian (1850–1889),UK,English,"Village comedy, linked",Gentle,Short,Linked sketches,https://github.com/standardebooks/elizabeth-gaskell_cranford,,Published before 1931 → US public domain,1865,Yes,,High,C,Cosy daily chapters
120,British / Irish / Commonwealth,Short fiction,Anthony Trollope,,1860s–1880s,Victorian (1850–1889),UK,English,Victorian social,Genial,Medium,Collection,https://github.com/standardebooks/anthony-trollope_short-fiction,,Published before 1931 → US public domain,1882,Yes,,High,C,Nobody guesses Trollope wrote short stories
121,British / Irish / Commonwealth,Short fiction,Mary Shelley,,1820s–1830s,Romantic (1800–1849),UK,English,"Gothic, romance",Romantic,Medium,Collection,https://github.com/standardebooks/mary-shelley_short-fiction,,Published before 1931 → US public domain,1851,Yes,,High,C,Surprising beyond Frankenstein
122,British / Irish / Commonwealth,"Short fiction (incl. ""The Machine Stops"")",E.M. Forster,,1904–1920s,Fin de siècle (1890–1914),UK,English,"Fantasy, social",Wry,Medium,Collection,https://github.com/standardebooks/e-m-forster_short-fiction,,Published before 1931 → US public domain,1970,No — clears Jan 1 2041,,High,B,"""The Machine Stops"" predicts the internet"
123,British / Irish / Commonwealth,Short fiction (fairy tales),George MacDonald,,1860s–1890s,Victorian (1850–1889),UK/Scotland,English,Fantasy,Visionary,Medium,Collection,https://github.com/standardebooks/george-macdonald_short-fiction,,Published before 1931 → US public domain,1905,Yes,,High,C,Tolkien/Lewis ancestor
124,British / Irish / Commonwealth,Short fiction (Loveday Brooke),Catherine Louisa Pirkis,,1894,Fin de siècle (1890–1914),UK,English,Female detective,Brisk,Medium,Collection,https://github.com/standardebooks/catherine-louisa-pirkis_short-fiction,,Published before 1931 → US public domain,1910,Yes,,High,C,Early female detective
125,British / Irish / Commonwealth,Poirot Investigates / Partners in Crime,Agatha Christie,,1924 / 1929,Interwar (1915–1930),UK,English,Detective,Clever,Medium,Collections,https://github.com/standardebooks/agatha-christie_poirot-investigates | https://github.com/standardebooks/agatha-christie_partners-in-crime,,Published before 1931 → US public domain,1976,No — clears Jan 1 2047,,Low,A,"Clear puzzles, huge appeal"
126,British / Irish / Commonwealth,The Old Man in the Corner,Baroness Orczy,,1909,Fin de siècle (1890–1914),UK,English,Armchair detective,Puzzle,Medium,Collection,https://github.com/standardebooks/baroness-orczy_the-old-man-in-the-corner,,Published before 1931 → US public domain,1947,Yes,,High,B,Pure reasoning puzzles
127,British / Irish / Commonwealth,The Amateur Cracksman (Raffles),E.W. Hornung,,1899,Fin de siècle (1890–1914),UK,English,Gentleman thief,Dashing,Medium,Collection,https://github.com/standardebooks/e-w-hornung_the-amateur-cracksman,,Published before 1931 → US public domain,1921,Yes,,Med,C,Inverted Holmes
128,British / Irish / Commonwealth,Lord Peter Views the Body,Dorothy L. Sayers,,1928,Interwar (1915–1930),UK,English,Detective,Witty,Medium,Collection,https://github.com/standardebooks/dorothy-l-sayers_lord-peter-views-the-body,,Published before 1931 → US public domain,1957,No — clears Jan 1 2028,,Med,B,"Great puzzles, great voice"
129,British / Irish / Commonwealth,Max Carrados,Ernest Bramah,,1914,Fin de siècle (1890–1914),UK,English,Blind detective,Clever,Medium,Collection,,Project Gutenberg; Wikisource (verify),Published before 1931 → US public domain,1942,Yes,,High,C,A blind detective — fitting for blind mode
130,British / Irish / Commonwealth,Kai Lung's Golden Hours,Ernest Bramah,,1922,Interwar (1915–1930),UK,English,Mock-Chinese frame tales,"Florid, comic",Medium,Frame collection,https://github.com/standardebooks/ernest-bramah_kai-lungs-golden-hours,,Published before 1931 → US public domain,1942,Yes,Orientalist pastiche,High,C,Stylistic oddity
131,British / Irish / Commonwealth,Ashenden,W. Somerset Maugham,,1928,Interwar (1915–1930),UK,English,"Spy stories, linked","Cool, ironic",Medium,Linked collection,https://github.com/standardebooks/w-somerset-maugham_ashenden,,Published before 1931 → US public domain,1965,No — clears Jan 1 2036,,Med,B,Maugham was a master of the magazine story
132,British / Irish / Commonwealth,The Trembling of a Leaf,W. Somerset Maugham,,1921,Interwar (1915–1930),UK/Pacific,English,South Seas,Ironic,Medium,Collection,,Project Gutenberg; Wikisource (verify),Published before 1931 → US public domain,1965,No — clears Jan 1 2036,Colonial framing,Med,C,"""Rain"""
133,British / Irish / Commonwealth,Uncanny Stories,May Sinclair,,1923,Interwar (1915–1930),UK,English,Psychological ghost,Eerie,Medium,Collection,,Project Gutenberg; Wikisource (verify),Published before 1931 → US public domain,1946,Yes,,High,C,Modernist ghost stories
134,British / Irish / Commonwealth,Hauntings,Vernon Lee,,1890,Fin de siècle (1890–1914),UK/Italy,English,Aesthetic ghost stories,Sumptuous,Long,Collection,,Project Gutenberg; Wikisource (verify),Published before 1931 → US public domain,1935,Yes,,High,C,Art-history haunting
135,British / Irish / Commonwealth,Widdershins,Oliver Onions,,1911,Fin de siècle (1890–1914),UK,English,Psychological ghost,Slow dread,Long,Collection,,Project Gutenberg; Wikisource (verify),Published before 1931 → US public domain,1961,No — clears Jan 1 2032,,High,C,"""The Beckoning Fair One"""
136,British / Irish / Commonwealth,Carnacki the Ghost-Finder,William Hope Hodgson,,1913,Fin de siècle (1890–1914),UK,English,Occult detective,Pulpy-eerie,Medium,Collection,,Project Gutenberg; Wikisource (verify),Published before 1931 → US public domain,1918,Yes,,High,C,Genre fun
137,British / Irish / Commonwealth,The Untilled Field,George Moore,,1903,Fin de siècle (1890–1914),Ireland,English,Irish rural realism,Melancholy,Medium,Collection,,Project Gutenberg; Wikisource (verify),Published before 1931 → US public domain,1933,Yes,,High,C,Precursor to Dubliners
138,British / Irish / Commonwealth,Irish Fairy Tales,James Stephens,,1920,Interwar (1915–1930),Ireland,English,Retold myth,"Lyrical, funny",Medium,Collection,https://github.com/standardebooks/james-stephens_irish-fairy-tales,,Published before 1931 → US public domain,1950,Yes,,High,B,A poet retelling myth
139,British / Irish / Commonwealth,My People,Caradoc Evans,,1915,Interwar (1915–1930),Wales,English,Satirical realism,Savage,Short,Collection,,Project Gutenberg; Wikisource (verify),Published before 1931 → US public domain,1945,Yes,,High,C,Scandalous in its day
140,British / Irish / Commonwealth,Sunshine Sketches of a Little Town,Stephen Leacock,,1912,Fin de siècle (1890–1914),Canada,English,Comic linked sketches,Affectionate,Medium,Linked collection,https://github.com/standardebooks/stephen-leacock_sunshine-sketches-of-a-little-town,,Published before 1931 → US public domain,1944,Yes,,High,B,Gentle comedy; each chapter stands alone
141,British / Irish / Commonwealth,Literary Lapses / Nonsense Novels,Stephen Leacock,,1910 / 1911,Fin de siècle (1890–1914),Canada,English,Parody,Absurd,Flash–short,Collections,,Project Gutenberg; Wikisource (verify),Published before 1931 → US public domain,1944,Yes,,High,C,Micro-parodies of genres
142,British / Irish / Commonwealth,Chronicles of Avonlea,L.M. Montgomery,,1912,Fin de siècle (1890–1914),Canada,English,Village stories,Warm,Medium,Collection,,Project Gutenberg; Wikisource (verify),Published before 1931 → US public domain,1942,Yes,,Med,C,"Cosy, self-contained"
143,British / Irish / Commonwealth,While the Billy Boils,Henry Lawson,,1896,Fin de siècle (1890–1914),Australia,English,Bush realism,Laconic,Short,Collection,https://github.com/standardebooks/henry-lawson_while-the-billy-boils,,Published before 1931 → US public domain,1922,Yes,Period racial language,High,B,"""The Drover's Wife""; very short"
144,British / Irish / Commonwealth,Bush Studies,Barbara Baynton,,1902,Fin de siècle (1890–1914),Australia,English,Bush gothic,Harsh,Medium,Collection,,Project Gutenberg; Wikisource (verify),Published before 1931 → US public domain,1929,Yes,,High,C,Dark counterpoint to Lawson
145,British / Irish / Commonwealth,Dreams,Olive Schreiner,,1890,Fin de siècle (1890–1914),South Africa,English,Allegories,Visionary,Flash–short,Collection,,Project Gutenberg; Wikisource (verify),Published before 1931 → US public domain,1920,Yes,,High,B,Prose-poem allegories — poetry bridge
146,British / Irish / Commonwealth,The Little Karoo,Pauline Smith,,1925,Interwar (1915–1930),South Africa,English,Rural realism,Austere,Medium,Collection,,HathiTrust full view; Internet Archive (verify),Published before 1931 → US public domain,1959,No — clears Jan 1 2030,,High,C,"Quiet, biblical cadence"
147,British / Irish / Commonwealth,Spring Sowing,Liam O'Flaherty,,1924,Interwar (1915–1930),Ireland,English,Nature and peasant life,Elemental,Flash–short,Collection,,HathiTrust full view; Internet Archive (verify),Published before 1931 → US public domain,1984,No — clears Jan 1 2055,,High,C,Short animal/nature stories
148,British / Irish / Commonwealth,Adam & Eve & Pinch Me,A.E. Coppard,,1921,Interwar (1915–1930),UK,English,Folk-modernist,"Odd, lyrical",Short,Collection,,HathiTrust full view; Internet Archive (verify),Published before 1931 → US public domain,1957,No — clears Jan 1 2028,,High,C,Beloved by story writers
149,British / Irish / Commonwealth,Told After Supper,Jerome K. Jerome,,1891,Fin de siècle (1890–1914),UK,English,Ghost-story parody,Comic,Short,Collection,,Project Gutenberg; Wikisource (verify),Published before 1931 → US public domain,1927,Yes,,High,C,Parody Christmas ghost stories
150,British / Irish / Commonwealth,The Dolly Dialogues,Anthony Hope,,1894,Fin de siècle (1890–1914),UK,English,Comic dialogues,"Flirty, witty",Flash,Collection,,Project Gutenberg; Wikisource (verify),Published before 1931 → US public domain,1933,Yes,,High,C,"Very short, all dialogue"
151,British / Irish / Commonwealth,Short fiction,Daphne du Maurier,,1930s–1950s,Interwar (1915–1930),UK,English,Suspense,Unsettling,Medium,Collection,https://github.com/standardebooks/daphne-du-maurier_short-fiction,,US PD via non-renewal — only use items Standard Ebooks/Gutenberg have cleared,1989,No — clears Jan 1 2060,,Med,C,Standard Ebooks-cleared subset only
152,British / Irish / Commonwealth,Short fiction (Peter Rabbit etc.),Beatrix Potter,,1902–1910s,Fin de siècle (1890–1914),UK,English,Children's tales,Crisp,Flash,Collection,https://github.com/standardebooks/beatrix-potter_short-fiction,,Published before 1931 → US public domain,1943,Yes,,Low,C,Palate cleanser
153,Translated,Short fiction (13 vols of tales),Anton Chekhov,Constance Garnett (d.1946),1880s–1904,Victorian (1850–1889),Russia,Russian,Realism,"Tender, ironic",Short–medium,Collection,https://github.com/standardebooks/anton-chekhov_short-fiction_constance-garnett,,Published before 1931 → US public domain,1904,Yes (author); check translator,,High,A,Hundreds of perfect-length stories; the backbone of any story app
154,Translated,Short fiction,Leo Tolstoy,Various,1850s–1900s,Victorian (1850–1889),Russia,Russian,"Parables, realism","Moral, clear",Short–long,Collection,https://github.com/standardebooks/leo-tolstoy_short-fiction_various-translators,,Published before 1931 → US public domain,1910,Yes (author); check translator,,Med,B,"""How Much Land Does a Man Need?"""
155,Translated,A Sportsman's Sketches,Ivan Turgenev,Constance Garnett (d.1946),1852,Victorian (1850–1889),Russia,Russian,Rural sketches,Lyrical,Medium,Collection,,Project Gutenberg; Wikisource (verify),Published before 1931 → US public domain,1883,Yes (author); check translator,,High,B,"Nature-rich, poetic"
156,Translated,Short fiction,Nikolai Gogol,Various,1830s–1840s,Romantic (1800–1849),Russia/Ukraine,Russian,"Absurd, folk-gothic","Grotesque, funny",Medium–long,Collection,https://github.com/standardebooks/nikolai-gogol_short-fiction_various-translators,,Published before 1931 → US public domain,1852,Yes (author); check translator,,Med,B,"""The Nose"", ""The Overcoat"""
157,Translated,White Nights and Other Stories,Fyodor Dostoevsky,Constance Garnett (d.1946),1918,Interwar (1915–1930),Russia,Russian,Psychological,Feverish,Medium–long,Collection,,Project Gutenberg; Wikisource (verify),Published before 1931 → US public domain,1881,Yes (author); check translator,,Med,C,Short-form Dostoevsky
158,Translated,Short fiction,Leonid Andreyev,Various,1900s–1910s,Fin de siècle (1890–1914),Russia,Russian,"Symbolist, dark",Nightmarish,Medium,Collection,https://github.com/standardebooks/leonid-andreyev_short-fiction_various-translators,,Published before 1931 → US public domain,1919,Yes (author); check translator,,High,C,Russian dread
159,Translated,Short fiction,Aleksandr Kuprin,Various,1890s–1910s,Fin de siècle (1890–1914),Russia,Russian,Realism,Vivid,Medium,Collection,https://github.com/standardebooks/aleksandr-kuprin_short-fiction_various-translators,,Published before 1931 → US public domain,1938,Yes (author); check translator,,High,C,Underrated storyteller
160,Translated,Short fiction (incl. The Gentleman from San Francisco),Ivan Bunin,Various,1900s–1920s,Fin de siècle (1890–1914),Russia,Russian,Lyrical realism,Elegiac,Medium,Collection,https://github.com/standardebooks/ivan-bunin_short-fiction_various-translators,,Published before 1931 → US public domain,1953,Yes (author); check translator,,High,B,Nobel laureate; poetic prose
161,Translated,Short fiction,Vladimir Korolenko,Various,1880s–1900s,Victorian (1850–1889),Russia/Ukraine,Russian,Humanist realism,Warm,Medium,Collection,https://github.com/standardebooks/vladimir-korolenko_short-fiction_various-translators,,Published before 1931 → US public domain,1921,Yes (author); check translator,,High,C,Siberian tales
162,Translated,Short fiction,Vsevolod Garshin,Rowland Smith,1870s–1880s,Victorian (1850–1889),Russia,Russian,"War, madness",Anguished,Short,Collection,https://github.com/standardebooks/vsevolod-garshin_short-fiction_rowland-smith,,Published before 1931 → US public domain,1888,Yes (author); check translator,,High,C,"""The Red Flower"""
163,Translated,Short fiction,Fyodor Sologub,Various,1890s–1910s,Fin de siècle (1890–1914),Russia,Russian,Symbolist,Eerie,Short,Collection,https://github.com/standardebooks/fyodor-sologub_short-fiction_various-translators,,Published before 1931 → US public domain,1927,Yes (author); check translator,,High,C,Decadent Russian
164,Translated,Russian Folktales,A.N. Afanasyev,Leonard A. Magnus,1916,Interwar (1915–1930),Russia,Russian,Folk tales,Mythic,Short,Collection,https://github.com/standardebooks/a-n-afanasyev_russian-folktales_leonard-a-magnus,,Published before 1931 → US public domain,1871,Yes (author); check translator,,High,B,Baba Yaga and friends
165,Translated,Twenty-Six and One and other stories,Maxim Gorky,Various,1890s–1900s,Fin de siècle (1890–1914),Russia,Russian,Social realism,Gritty,Medium,Collection,,Project Gutenberg; Wikisource (verify),Published before 1931 → US public domain,1936,Yes (author); check translator,,High,C,Tramp and worker stories
166,Translated,Red Cavalry,Isaac Babel,Nadia Helstein (1929),1929,Interwar (1915–1930),Russia/Ukraine,Russian,War vignettes,"Brutal, lyrical",Flash,Collection,,HathiTrust (verify 1929 Helstein translation),Published before 1931 → US public domain,1940,Yes (author); check translator,"War violence, antisemitic violence depicted",High,C,"Tiny, dazzling vignettes"
167,Translated,Short fiction,Guy de Maupassant,Various,1880–1891,Victorian (1850–1889),France,French,"Realism, twist","Cynical, precise",Short,Collection,https://github.com/standardebooks/guy-de-maupassant_short-fiction_various-translators,,Published before 1931 → US public domain,1893,Yes (author); check translator,,Med,A,"""The Necklace""; hundreds of ideal-length stories"
168,Translated,Short fiction (Three Tales etc.),Gustave Flaubert,M. Walter Dunne,1877,Victorian (1850–1889),France,French,Realism,Exquisite,Medium–long,Collection,https://github.com/standardebooks/gustave-flaubert_short-fiction_m-walter-dunne,,Published before 1931 → US public domain,1880,Yes (author); check translator,,Med,C,"""A Simple Heart"""
169,Translated,Shorts from Scenes from Private Life,Honoré de Balzac,Various,1830s,Romantic (1800–1849),France,French,Realism,Dense,Medium–long,Collection,https://github.com/standardebooks/honore-de-balzac_shorts-from-scenes-from-private-life_various-translators,,Published before 1931 → US public domain,1850,Yes (author); check translator,,High,C,Balzac in small doses
170,Translated,Carmen / Mateo Falcone and other stories,Prosper Mérimée,Various,1829–1845,Romantic (1800–1849),France,French,Romantic novellas,Dramatic,Medium,Collection,,Project Gutenberg; Wikisource (verify),Published before 1931 → US public domain,1870,Yes (author); check translator,,High,C,"""Mateo Falcone"" is a perfect short"
171,Translated,Letters from My Windmill,Alphonse Daudet,Various,1869,Victorian (1850–1889),France,French,Provençal sketches,"Sunny, wistful",Short,Collection,,Project Gutenberg; Wikisource (verify),Published before 1931 → US public domain,1897,Yes (author); check translator,,High,B,"Sunlit, charming, poetic"
172,Translated,Sardonic Tales (Contes cruels),Villiers de l'Isle-Adam,Hamish Miles (1927),1927,Interwar (1915–1930),France,French,Cruel tales,Macabre,Short,Collection,,HathiTrust full view; Internet Archive (verify),Published before 1931 → US public domain,1889,Yes (author); check translator,,High,C,"""Torture by Hope"""
173,Translated,The Attack on the Mill and other stories,Émile Zola,Various,1880s,Victorian (1850–1889),France,French,Naturalism,Stark,Medium,Collection,,Project Gutenberg; Wikisource (verify),Published before 1931 → US public domain,1902,Yes (author); check translator,,High,C,Zola in short form
174,Translated,Mother of Pearl / Crainquebille,Anatole France,Various,1892–1903,Fin de siècle (1890–1914),France,French,Ironic tales,Wry,Short,Collection,,Project Gutenberg; Wikisource (verify),Published before 1931 → US public domain,1924,Yes (author); check translator,,High,C,"""The Procurator of Judaea"""
175,Translated,Short fiction,Xavier de Maistre,Various,1790s–1820s,Pre-1800,France/Savoy,French,Philosophical whimsy,Gentle,Medium,Collection,https://github.com/standardebooks/xavier-de-maistre_short-fiction_various-translators,,Published before 1931 → US public domain,1852,Yes (author); check translator,,High,C,"""A Journey Around My Room"" — delightful oddity"
176,Translated,Weird Tales (Hoffmann),E.T.A. Hoffmann,J.T. Bealby,1885,Victorian (1850–1889),Germany,German,Romantic fantastic,Uncanny,Long,Collection,,Project Gutenberg; Wikisource (verify),Published before 1931 → US public domain,1822,Yes (author); check translator,,High,C,"""The Sandman""; runs long"
177,Translated,Short fiction (incl. Death in Venice),Thomas Mann,Various,1900s–1920s,Fin de siècle (1890–1914),Germany,German,Modernist,"Ironic, rich",Medium–long,Collection,https://github.com/standardebooks/thomas-mann_short-fiction_various-translators,,Published before 1931 → US public domain,1955,Yes (author); check translator,,Med,C,"""Tonio Kröger"", ""Tristan"""
178,Translated,Household Tales,Brothers Grimm,Margaret Hunt (d.1912),1884,Victorian (1850–1889),Germany,German,Folk tales,"Stark, magical",Flash–short,Collection,https://github.com/standardebooks/jacob-grimm_wilhelm-grimm_household-tales_margaret-hunt,,Published before 1931 → US public domain,1863,Yes (author); check translator,,Low,B,200+ tales; short-day option
179,Translated,Fairy Tales,Hans Christian Andersen,Various (pre-1931),1835–1872,Romantic (1800–1849),Denmark,Danish,Literary fairy tales,Bittersweet,Short,Collection,,Project Gutenberg; Wikisource (verify),Published before 1931 → US public domain,1875,Yes (author); check translator,,Low,B,"""The Little Match Girl""; poetic"
180,Translated,Short fiction,Selma Lagerlöf,Various,1890s–1910s,Fin de siècle (1890–1914),Sweden,Swedish,"Legend, folk",Luminous,Medium,Collection,https://github.com/standardebooks/selma-lagerlof_short-fiction_various-translators,,Published before 1931 → US public domain,1940,Yes (author); check translator,,High,C,First woman Nobel in literature
181,Translated,Short fiction,Jonas Lie,Various,1880s–1890s,Victorian (1850–1889),Norway,Norwegian,Folk-supernatural,Brooding,Short,Collection,https://github.com/standardebooks/jonas-lie_short-fiction_various-translators,,Published before 1931 → US public domain,1908,Yes (author); check translator,,High,C,Norwegian trolls and sea
182,Translated,Short fiction,Hjalmar Söderberg,Various,1890s–1900s,Fin de siècle (1890–1914),Sweden,Swedish,Urban melancholy,Wistful,Flash–short,Collection,https://github.com/standardebooks/hjalmar-soderberg_short-fiction_various-translators,,Published before 1931 → US public domain,1941,Yes (author); check translator,,High,C,Tiny Stockholm vignettes
183,Translated,The Decameron,Giovanni Boccaccio,John Payne (d.1916),1353,Pre-1800,Italy,Italian,Frame tales,"Bawdy, witty",Short,Frame collection,https://github.com/standardebooks/giovanni-boccaccio_the-decameron_john-payne,,Published before 1931 → US public domain,1375,Yes (author); check translator,Sexual content,Med,C,100 tales in a built-in daily structure
184,Translated,Little Novels of Sicily / Cavalleria Rusticana,Giovanni Verga,D.H. Lawrence (d.1930),1925 / 1928,Interwar (1915–1930),Italy,Italian,Verismo,"Harsh, earthy",Short,Collections,,HathiTrust full view; Internet Archive (verify),Published before 1931 → US public domain,1922,Yes (author); check translator,,High,C,Translated by D.H. Lawrence — fun reveal
185,Translated,"Short fiction (Rashomon, In a Grove…)",Akutagawa Ryūnosuke,Various,1915–1927,Interwar (1915–1930),Japan,Japanese,Modernist tales,Enigmatic,Short,Collection,https://github.com/standardebooks/akutagawa-ryunosuke_short-fiction_various-translators,,Published before 1931 → US public domain,1927,Yes (author); check translator,,Med,A,"""In a Grove"" — the reader has to decide what happened"
186,Translated,Short fiction,Tanizaki Jun'ichirō,Various,1910s–1920s,Fin de siècle (1890–1914),Japan,Japanese,"Aesthetic, perverse",Sensual,Medium,Collection,https://github.com/standardebooks/tanizaki-junichiro_short-fiction_various-translators,,Published before 1931 → US public domain,1965,No — clears Jan 1 2036,Erotic themes,High,C,Standard Ebooks-cleared subset
187,Translated,Kwaidan,Lafcadio Hearn,,1904,Fin de siècle (1890–1914),Japan/Ireland/Greece,English (retold Japanese),Japanese ghost tales,"Hushed, eerie",Flash–short,Collection,,Project Gutenberg; Wikisource (verify),Published before 1931 → US public domain,1904,Yes,,Med,A,"Short, poetic, eerie — very on-brand"
188,Translated,Strange Stories from a Chinese Studio,Pu Songling,Herbert A. Giles (d.1935),1880,Victorian (1850–1889),China,Classical Chinese,Supernatural tales,Mysterious,Flash–short,Collection,,Project Gutenberg; Wikisource (verify),Published before 1931 → US public domain,1715,Yes (author); check translator,Victorian translation; some bowdlerized,High,B,"Foxes, ghosts, scholars — short and strange"
189,Translated,The Hungry Stones and Other Stories,Rabindranath Tagore,Various (verify),1916,Interwar (1915–1930),India (Bengal),Bengali,Lyrical realism,Poetic,Medium,Collection,,Project Gutenberg; Wikisource (verify),Published before 1931 → US public domain,1941,Yes (author); check translator,,High,B,"Poet's stories; ""The Postmaster"""
190,Translated,Hindu Tales from the Sanskrit,S.M. Mitra,,1919,Interwar (1915–1930),India,Sanskrit,Retold tales,"Moral, mythic",Short,Collection,https://github.com/standardebooks/s-m-mitra_hindu-tales-from-the-sanskrit,,Published before 1931 → US public domain,,Check,,High,C,Short mythic tales
191,Translated,The Panchatantra,Arthur W. Ryder (trans.),,1925,Interwar (1915–1930),India,Sanskrit,Frame fables,"Wise, witty",Flash,Frame collection,,HathiTrust full view; Internet Archive (verify),Published before 1931 → US public domain,1938,Yes,,High,C,A 1925 translation praised for its wit
192,Translated,Brazilian Tales,Machado de Assis et al.,Isaac Goldberg (d.1938),1921,Interwar (1915–1930),Brazil,Portuguese,Ironic realism,Sly,Medium,Collection,,Project Gutenberg; Wikisource (verify),Published before 1931 → US public domain,1908,Yes (author); check translator,,High,B,Machado is a hidden giant
193,Translated,South American Jungle Tales,Horacio Quiroga,Arthur Livingston (d.1944),1922,Interwar (1915–1930),Uruguay/Argentina,Spanish,Animal fables,Adventurous,Short,Collection,,Project Gutenberg; Wikisource (verify),Published before 1931 → US public domain,1937,Yes (author); check translator,,High,C,Jungle fables by Latin America's Poe
194,Translated,Jewish Children,Sholem Aleichem,Hannah Berman,1920,Interwar (1915–1930),Eastern Europe,Yiddish,Comic-tender,Warm,Short,Collection,,Project Gutenberg; Wikisource (verify),Published before 1931 → US public domain,1916,Yes (author); check translator,,High,C,Childhood stories
195,Translated,Stories and Pictures,I.L. Peretz,Helena Frank (d.1954),1906,Fin de siècle (1890–1914),Poland,Yiddish,"Hasidic tales, sketches",Mystical,Short,Collection,,Project Gutenberg; Wikisource (verify),Published before 1931 → US public domain,1915,Yes (author); check translator,,High,C,"""Bontshe the Silent"""
196,Translated,The Madman / The Forerunner,Kahlil Gibran,,1918 / 1920,Interwar (1915–1930),Lebanon/USA,English,Parables,Mystical,Flash,Collections,https://github.com/standardebooks/kahlil-gibran_the-madman | https://github.com/standardebooks/kahlil-gibran_the-forerunner,,Published before 1931 → US public domain,1931,Yes,,Med,B,Parable-length; poetry bridge
197,Translated,Poems in Prose (Senilia),Ivan Turgenev,Constance Garnett (d.1946),1883,Victorian (1850–1889),Russia,Russian,Prose poems,Elegiac,Flash,Collection,,Project Gutenberg; Wikisource (verify),Published before 1931 → US public domain,1883,Yes (author); check translator,,High,C,Micro-pieces for a light day
198,Translated,Paris Spleen (Poems in Prose),Charles Baudelaire,Arthur Symons (d.1945),1905,Fin de siècle (1890–1914),France,French,Prose poems,"Urban, bitter",Flash,Collection,,Project Gutenberg; Wikisource (verify),Published before 1931 → US public domain,1867,Yes (author); check translator,,High,C,The origin of the prose poem
199,Folklore & myth,"The Colored Fairy Books (Blue through Lilac, 12 vols)",Andrew Lang (ed.),Mostly Leonora Lang et al.,1889–1910,Victorian (1850–1889),Global,Various (translated/retold),Fairy tales,Magical,Short–medium,Anthology series,,Project Gutenberg; Wikisource (verify),Published before 1931 → US public domain,1912,Yes (author); check translator,Some colonial framing,High,A,~400+ tales already curated; tale-type graph for free
200,Folklore & myth,English / Celtic / More Celtic Fairy Tales,Joseph Jacobs (ed.),,1890–1894,Fin de siècle (1890–1914),UK/Ireland,English,Folk tales,Earthy,Short,Collections,,Project Gutenberg; Wikisource (verify),Published before 1931 → US public domain,1916,Yes,,High,B,Lively retellings with source notes
201,Folklore & myth,Indian Fairy Tales,Joseph Jacobs (ed.),,1892,Fin de siècle (1890–1914),India,Various (retold),Folk tales,Playful,Short,Collection,https://github.com/standardebooks/joseph-jacobs_indian-fairy-tales,,Published before 1931 → US public domain,1916,Yes,,High,C,Clean Standard Ebooks text
202,Folklore & myth,Fairy and Folk Tales of the Irish Peasantry,W.B. Yeats (ed.),,1888,Victorian (1850–1889),Ireland,English,Folk tales,Uncanny,Short,Collection,,Project Gutenberg; Wikisource (verify),Published before 1931 → US public domain,1939,Yes,,High,B,A poet's curation of folklore
203,Folklore & myth,Popular Tales from the Norse,Asbjørnsen & Moe,George Webbe Dasent (d.1896),1859,Victorian (1850–1889),Norway,Norwegian,Folk tales,Rugged,Short,Collection,,Project Gutenberg; Wikisource (verify),Published before 1931 → US public domain,1885,Yes (author); check translator,,High,C,"""East of the Sun"""
204,Folklore & myth,The Mabinogion,Anonymous (Welsh),Lady Charlotte Guest (d.1895),1849,Romantic (1800–1849),Wales,Middle Welsh,Medieval myth,Mythic,Medium–long,Collection,,Project Gutenberg; Wikisource (verify),Published before 1931 → US public domain,,Yes,,High,C,Arthurian roots
205,Folklore & myth,The Arabian Nights (various editions),Anonymous,E.W. Lane / Andrew Lang / others,1840,Romantic (1800–1849),Middle East,Arabic,Frame tales,Marvelous,Short–long,Frame collection,,Project Gutenberg; Wikisource (verify),Published before 1931 → US public domain,,Yes,Burton edition is explicit — choose carefully,Low,B,"The ultimate ""one more story tomorrow"" frame"
206,Folklore & myth,Gesta Romanorum,Anonymous (medieval Latin),Charles Swan,1824,Romantic (1800–1849),Europe,Latin,Moral tales,"Strange, didactic",Flash,Collection,,Project Gutenberg; Wikisource (verify),Published before 1931 → US public domain,,Yes,,High,C,Medieval micro-tales
207,Folklore & myth,Jataka Tales,Anonymous (Pali),E.B. Cowell et al.,1895–1907,Fin de siècle (1890–1914),India,Pali,Buddhist birth tales,"Gentle, moral",Short,Collection,,Project Gutenberg; Wikisource (verify),Published before 1931 → US public domain,,Yes,,High,C,547 tales; big pool
208,Folklore & myth,Japanese Fairy Tales,Yei Theodora Ozaki,,1908,Fin de siècle (1890–1914),Japan,Japanese (retold),Folk tales,Gentle,Short,Collection,,Project Gutenberg; Wikisource (verify),Published before 1931 → US public domain,1932,Yes,,High,C,"Momotaro, Urashima"
209,Folklore & myth,Italian Popular Tales,Thomas Frederick Crane,,1885,Victorian (1850–1889),Italy,Italian (retold),Folk tales,Lively,Short,Collection,,Project Gutenberg; Wikisource (verify),Published before 1931 → US public domain,1927,Yes,,High,C,Scholarly but readable
210,Folklore & myth,Philippine Folk Tales,Mabel Cook Cole,,1916,Interwar (1915–1930),Philippines,Various (retold),Folk tales,Mythic,Flash,Collection,,Project Gutenberg; Wikisource (verify),Published before 1931 → US public domain,1977,No — clears Jan 1 2048,Colonial-era collector framing,High,C,Rarely seen tradition
211,Folklore & myth,Myths and Legends of the Sioux,Marie L. McLaughlin,,1916,Interwar (1915–1930),USA (Lakota/Dakota),Various (retold),Legends,Mythic,Flash,Collection,,Project Gutenberg; Wikisource (verify),Published before 1931 → US public domain,1954,Yes,,High,C,Collected by a woman of Dakota descent
212,Folklore & myth,Jewish Fairy Tales and Legends,Gertrude Landa,,1919,Interwar (1915–1930),Global,Various (retold),Legends,Wise,Short,Collection,,Project Gutenberg; Wikisource (verify),Published before 1931 → US public domain,1941,Yes,,High,C,Talmudic and folk legends
213,Folklore & myth,Folk Stories from Southern Nigeria,Elphinstone Dayrell,,1910,Fin de siècle (1890–1914),Nigeria,Various (retold),Folk tales,Trickster,Flash,Collection,,Project Gutenberg; Wikisource (verify),Published before 1931 → US public domain,1917,Yes,Colonial collector framing,High,C,West African tales
214,Nature & animal,Wild Animals I Have Known,Ernest Thompson Seton,,1898,Fin de siècle (1890–1914),Canada/USA,English,Animal biography,"Tragic, vivid",Medium,Collection,https://github.com/standardebooks/ernest-thompson-seton_wild-animals-i-have-known,,Published before 1931 → US public domain,1946,Yes,,High,B,"""Lobo"" — true-ish stories of individual animals"
215,Nature & animal,The Kindred of the Wild,Charles G.D. Roberts,,1902,Fin de siècle (1890–1914),Canada,English,Realistic animal stories,Stark,Short,Collection,,Project Gutenberg; Wikisource (verify),Published before 1931 → US public domain,1943,Yes,,High,C,Nature from the animal's eyes
216,Nature & animal,Green Meadow / Green Forest stories,Thornton W. Burgess,,1910s–1920s,Fin de siècle (1890–1914),USA,English,Children's nature,Cheerful,Short,Collections,https://github.com/standardebooks/thornton-w-burgess_green-meadow-stories | https://github.com/standardebooks/thornton-w-burgess_green-forest-stories,,Published before 1931 → US public domain,1965,No — clears Jan 1 2036,,Low,C,Palate cleanser; kids
217,Mid-century SF & fantasy (lapsed copyright),Short fiction (Standard Ebooks-cleared),Philip K. Dick,,1930s–1960s,"Mid-century, lapsed copyright (1931–1965)",USA,English,Science fiction / fantasy,Idea-driven,Short–medium,Collection,https://github.com/standardebooks/philip-k-dick_short-fiction,,US PD via non-renewal — only use items Standard Ebooks/Gutenberg have cleared,1982,No — clears Jan 1 2053,,Med,A,"Paranoid idea-stories; ""Second Variety"""
218,Mid-century SF & fantasy (lapsed copyright),Short fiction (Standard Ebooks-cleared),Isaac Asimov,,1930s–1960s,"Mid-century, lapsed copyright (1931–1965)",USA,English,Science fiction / fantasy,Idea-driven,Short–medium,Collection,https://github.com/standardebooks/isaac-asimov_short-science-fiction,,US PD via non-renewal — only use items Standard Ebooks/Gutenberg have cleared,1992,No — clears Jan 1 2063,,Med,B,Puzzle-shaped SF
219,Mid-century SF & fantasy (lapsed copyright),Short fiction (Standard Ebooks-cleared),Ray Bradbury,,1930s–1960s,"Mid-century, lapsed copyright (1931–1965)",USA,English,Science fiction / fantasy,Idea-driven,Short–medium,Collection,https://github.com/standardebooks/ray-bradbury_short-fiction,,US PD via non-renewal — only use items Standard Ebooks/Gutenberg have cleared,2012,No — clears Jan 1 2083,,Med,A,The most poetic SF writer — cleared subset
220,Mid-century SF & fantasy (lapsed copyright),Short fiction (Standard Ebooks-cleared),Robert Sheckley,,1930s–1960s,"Mid-century, lapsed copyright (1931–1965)",USA,English,Science fiction / fantasy,Idea-driven,Short–medium,Collection,https://github.com/standardebooks/robert-sheckley_short-fiction,,US PD via non-renewal — only use items Standard Ebooks/Gutenberg have cleared,2005,No — clears Jan 1 2076,,Med,A,"Satirical, funny, perfect length"
221,Mid-century SF & fantasy (lapsed copyright),Short fiction (Standard Ebooks-cleared),Fritz Leiber,,1930s–1960s,"Mid-century, lapsed copyright (1931–1965)",USA,English,Science fiction / fantasy,Idea-driven,Short–medium,Collection,https://github.com/standardebooks/fritz-leiber_short-fiction,,US PD via non-renewal — only use items Standard Ebooks/Gutenberg have cleared,1992,No — clears Jan 1 2063,,Med,B,Urban weird and SF
222,Mid-century SF & fantasy (lapsed copyright),Short fiction (Standard Ebooks-cleared),H. Beam Piper,,1930s–1960s,"Mid-century, lapsed copyright (1931–1965)",USA,English,Science fiction / fantasy,Idea-driven,Short–medium,Collection,https://github.com/standardebooks/h-beam-piper_short-fiction,,US PD via non-renewal — only use items Standard Ebooks/Gutenberg have cleared,1964,No — clears Jan 1 2035,,Med,B,Classic Galaxy-era ideas
223,Mid-century SF & fantasy (lapsed copyright),Short fiction (Standard Ebooks-cleared),Poul Anderson,,1930s–1960s,"Mid-century, lapsed copyright (1931–1965)",USA,English,Science fiction / fantasy,Idea-driven,Short–medium,Collection,https://github.com/standardebooks/poul-anderson_short-fiction,,US PD via non-renewal — only use items Standard Ebooks/Gutenberg have cleared,2001,No — clears Jan 1 2072,,Med,C,Adventure SF
224,Mid-century SF & fantasy (lapsed copyright),Short fiction (Standard Ebooks-cleared),R.A. Lafferty,,1930s–1960s,"Mid-century, lapsed copyright (1931–1965)",USA,English,Science fiction / fantasy,Idea-driven,Short–medium,Collection,https://github.com/standardebooks/r-a-lafferty_short-fiction,,US PD via non-renewal — only use items Standard Ebooks/Gutenberg have cleared,2002,No — clears Jan 1 2073,,Med,B,Tall-tale weirdness — great blind-mode outlier
225,Mid-century SF & fantasy (lapsed copyright),Short fiction (Standard Ebooks-cleared),Frederik Pohl,,1930s–1960s,"Mid-century, lapsed copyright (1931–1965)",USA,English,Science fiction / fantasy,Idea-driven,Short–medium,Collection,https://github.com/standardebooks/frederik-pohl_short-fiction,,US PD via non-renewal — only use items Standard Ebooks/Gutenberg have cleared,2013,No — clears Jan 1 2084,,Med,C,Social satire SF
226,Mid-century SF & fantasy (lapsed copyright),Short fiction (Standard Ebooks-cleared),Clifford D. Simak,,1930s–1960s,"Mid-century, lapsed copyright (1931–1965)",USA,English,Science fiction / fantasy,Idea-driven,Short–medium,Collection,https://github.com/standardebooks/clifford-d-simak_short-fiction,,US PD via non-renewal — only use items Standard Ebooks/Gutenberg have cleared,1988,No — clears Jan 1 2059,,Med,B,"Pastoral, gentle SF"
227,Mid-century SF & fantasy (lapsed copyright),Short fiction (Standard Ebooks-cleared),Cordwainer Smith,,1930s–1960s,"Mid-century, lapsed copyright (1931–1965)",USA,English,Science fiction / fantasy,Idea-driven,Short–medium,Collection,https://github.com/standardebooks/cordwainer-smith_short-fiction,,US PD via non-renewal — only use items Standard Ebooks/Gutenberg have cleared,1966,No — clears Jan 1 2037,,Med,B,Mythic far-future
228,Mid-century SF & fantasy (lapsed copyright),Short fiction (Standard Ebooks-cleared),Andre Norton,,1930s–1960s,"Mid-century, lapsed copyright (1931–1965)",USA,English,Science fiction / fantasy,Idea-driven,Short–medium,Collection,https://github.com/standardebooks/andre-norton_short-fiction,,US PD via non-renewal — only use items Standard Ebooks/Gutenberg have cleared,2005,No — clears Jan 1 2076,,Med,C,Adventure SF
229,Mid-century SF & fantasy (lapsed copyright),Short fiction (Standard Ebooks-cleared),Harry Harrison,,1930s–1960s,"Mid-century, lapsed copyright (1931–1965)",USA,English,Science fiction / fantasy,Idea-driven,Short–medium,Collection,https://github.com/standardebooks/harry-harrison_short-fiction,,US PD via non-renewal — only use items Standard Ebooks/Gutenberg have cleared,2012,No — clears Jan 1 2083,,Med,C,Wry SF
230,Mid-century SF & fantasy (lapsed copyright),Short fiction (Standard Ebooks-cleared),Algis Budrys,,1930s–1960s,"Mid-century, lapsed copyright (1931–1965)",USA,English,Science fiction / fantasy,Idea-driven,Short–medium,Collection,https://github.com/standardebooks/algis-budrys_short-fiction,,US PD via non-renewal — only use items Standard Ebooks/Gutenberg have cleared,2008,No — clears Jan 1 2079,,Med,C,Thoughtful SF
231,Mid-century SF & fantasy (lapsed copyright),Short fiction (Standard Ebooks-cleared),Walter M. Miller Jr.,,1930s–1960s,"Mid-century, lapsed copyright (1931–1965)",USA,English,Science fiction / fantasy,Idea-driven,Short–medium,Collection,https://github.com/standardebooks/walter-m-miller-jr_short-fiction,,US PD via non-renewal — only use items Standard Ebooks/Gutenberg have cleared,1996,No — clears Jan 1 2067,,Med,C,"Humane, serious SF"
232,Mid-century SF & fantasy (lapsed copyright),Short fiction (Standard Ebooks-cleared),Henry Kuttner,,1930s–1960s,"Mid-century, lapsed copyright (1931–1965)",USA,English,Science fiction / fantasy,Idea-driven,Short–medium,Collection,https://github.com/standardebooks/henry-kuttner_short-fiction,,US PD via non-renewal — only use items Standard Ebooks/Gutenberg have cleared,1958,No — clears Jan 1 2029,,Med,B,"Clever, comic SF"
233,Mid-century SF & fantasy (lapsed copyright),Short fiction (Standard Ebooks-cleared),Stanley G. Weinbaum,,1930s–1960s,"Mid-century, lapsed copyright (1931–1965)",USA,English,Science fiction / fantasy,Idea-driven,Short–medium,Collection,https://github.com/standardebooks/stanley-g-weinbaum_short-fiction,,US PD via non-renewal — only use items Standard Ebooks/Gutenberg have cleared,1935,Yes,,Med,B,"""A Martian Odyssey"""
234,Mid-century SF & fantasy (lapsed copyright),Short fiction (Standard Ebooks-cleared),Charles Beaumont,,1930s–1960s,"Mid-century, lapsed copyright (1931–1965)",USA,English,Science fiction / fantasy,Idea-driven,Short–medium,Collection,https://github.com/standardebooks/charles-beaumont_short-fiction,,US PD via non-renewal — only use items Standard Ebooks/Gutenberg have cleared,1967,No — clears Jan 1 2038,,Med,B,Twilight Zone-style twists
235,Mid-century SF & fantasy (lapsed copyright),Short fiction (Standard Ebooks-cleared),Mack Reynolds,,1930s–1960s,"Mid-century, lapsed copyright (1931–1965)",USA,English,Science fiction / fantasy,Idea-driven,Short–medium,Collection,https://github.com/standardebooks/mack-reynolds_short-fiction,,US PD via non-renewal — only use items Standard Ebooks/Gutenberg have cleared,1983,No — clears Jan 1 2054,,Med,C,Pulp social SF
236,Mid-century SF & fantasy (lapsed copyright),Short fiction (Standard Ebooks-cleared),Manly Wade Wellman,,1930s–1960s,"Mid-century, lapsed copyright (1931–1965)",USA,English,Science fiction / fantasy,Idea-driven,Short–medium,Collection,https://github.com/standardebooks/manly-wade-wellman_short-fiction,,US PD via non-renewal — only use items Standard Ebooks/Gutenberg have cleared,1986,No — clears Jan 1 2057,,Med,C,Appalachian weird
237,Mid-century SF & fantasy (lapsed copyright),Short fiction (Standard Ebooks-cleared),Frank Belknap Long,,1930s–1960s,"Mid-century, lapsed copyright (1931–1965)",USA,English,Science fiction / fantasy,Idea-driven,Short–medium,Collection,https://github.com/standardebooks/frank-belknap-long_short-fiction,,US PD via non-renewal — only use items Standard Ebooks/Gutenberg have cleared,1994,No — clears Jan 1 2065,,Med,C,Weird/SF
238,Mid-century SF & fantasy (lapsed copyright),Short fiction (Standard Ebooks-cleared),Noel Loomis,,1930s–1960s,"Mid-century, lapsed copyright (1931–1965)",USA,English,Science fiction / fantasy,Idea-driven,Short–medium,Collection,https://github.com/standardebooks/noel-loomis_short-science-fiction,,US PD via non-renewal — only use items Standard Ebooks/Gutenberg have cleared,1969,No — clears Jan 1 2040,,Med,C,Obscure pulp SF
